tag1,tag2,tag3,tag4,tag5,tag6,ch,2018,2019,2020,2021,2022,2023,2024,2025
X,1号线,,,,,象峰,Xiangfeng,Xiangfeng,Xiangfeng,Xiangfeng,Xiangfeng,Xiangfeng,Xiangfeng,Xiangfeng
X,1号线,,,,,秀山,Xiushan,Xiushan,Xiushan,Xiushan,Xiushan,Xiushan,Xiushan,Xiushan
L,1号线,,,,,罗汉山,Luohanshan,Luohanshan,Luohanshan,Luohanshan,Luohanshan,Luohanshan,Luohanshan,Luohanshan
F,1号线,,,,,福州火车站,Fuzhou Railway Station,Fuzhou Railway Station,Fuzhou Railway Station,Fuzhou Railway Station,Fuzhou Railway Station,Fuzhou Railway Station,Fuzhou Railway Station,Fuzhou Railway Station
D,1号线,,,,,斗门,Doumen,Doumen,Doumen,Doumen,Doumen,Doumen,Doumen,Doumen
S,1号线,,,,,树兜,Shudou,Shudou,Shudou,Shudou,Shudou,Shudou,Shudou,Shudou
P,1号线,,,,,屏山,Pingshan,Pingshan,Pingshan,Pingshan,Pingshan,Pingshan,Pingshan,Pingshan
D,1号线,,,,,东街口,Dongjiekou,Dongjiekou,Dongjiekou,Dongjiekou,Dongjiekou,Dongjiekou,Dongjiekou,Dongjiekou
N,1号线,,,,,南门兜,Nanmendou,Nanmendou,Nanmendou,Nanmendou,Nanmendou,Nanmendou,Nanmendou,Nanmendou
C,1号线,,,,,茶亭,Chating,Chating,Chating,Chating,Chating,Chating,Chating,Chating
D,1号线,,,,,达道,Dadao,Dadao,Dadao,Dadao,Dadao,Dadao,Dadao,Dadao
S,1号线,,,,,上藤,Shangteng,Shangteng,Shangteng,Shangteng,Shangteng,Shangteng,Shangteng,Shangteng
S,1号线,,,,,三叉街,Sanchajie,Sanchajie,Sanchajie,Sanchajie,Sanchajie,Sanchajie,Sanchajie,Sanchajie
B,1号线,,,,,白湖亭,Baihuting,Baihuting,Baihuting,Baihuting,Baihuting,Baihuting,Baihuting,Baihuting
H,1号线,,,,,葫芦阵,Huluzheng,Huluzheng,Huluzheng,Huluzheng,Huluzheng,Huluzheng,Huluzheng,Huluzheng
H,1号线,,,,,黄山,Huangshan,Huangshan,Huangshan,Huangshan,Huangshan,Huangshan,Huangshan,Huangshan
P,1号线,,,,,排下,Paixia,Paixia,Paixia,Paixia,Paixia,Paixia,Paixia,Paixia
C,1号线,,,,,城门,Chengmen,Chengmen,Chengmen,Chengmen,Chengmen,Chengmen,Chengmen,Chengmen
S,1号线,,,,,三角埕,Sanjiaocheng,Sanjiaocheng,Sanjiaocheng,Sanjiaocheng,Sanjiaocheng,Sanjiaocheng,Sanjiaocheng,Sanjiaocheng
L,1号线,,,,,胪雷,Lulei,Lulei,Lulei,Lulei,Lulei,Lulei,Lulei,Lulei
F,1号线,,,,,福州火车南站,Fuzhou South Railway Station,Fuzhou South Railway Station,Fuzhou South Railway Station,Fuzhou South Railway Station,Fuzhou South Railway Station,Fuzhou South Railway Station,Fuzhou South Railway Station,Fuzhou South Railway Station
A,1号线,,,,,安平,Anping,Anping,Anping,Anping,Anping,Anping,Anping,Anping
L,1号线,,,,,梁厝,Liangcuo,Liangcuo,Liangcuo,Liangcuo,Liangcuo,Liangcuo,Liangcuo,Liangcuo
X,1号线,,,,,下洋,Xiayang,Xiayang,Xiayang,Xiayang,Xiayang,Xiayang,Xiayang,Xiayang
S,1号线,,,,,三江口,Sanjiangkou,Sanjiangkou,Sanjiangkou,Sanjiangkou,Sanjiangkou,Sanjiangkou,Sanjiangkou,Sanjiangkou
S,2号线,,,,,苏洋,Suyang,Suyang,Suyang,Suyang,Suyang,Suyang,Suyang,Suyang
S,2号线,,,,,沙堤,Shadi,Shadi,Shadi,Shadi,Shadi,Shadi,Shadi,Shadi
S,2号线,,,,,上街,Shangjie,Shangjie,Shangjie,Shangjie,Shangjie,Shangjie,Shangjie,Shangjie
J,2号线,,,,,金屿,Jingyu,Jingyu,Jingyu,Jingyu,Jingyu,Jingyu,Jingyu,Jingyu
F,2号线,,,,,福州大学,Fuzhou University,Fuzhou University,Fuzhou University,Fuzhou University,Fuzhou University,Fuzhou University,Fuzhou University,Fuzhou University
D,2号线,,,,,董屿·福建师大,Dongyu/Fujian Normal University,Dongyu/Fujian Normal University,Dongyu/Fujian Normal University,Dongyu/Fujian Normal University,Dongyu/Fujian Normal University,Dongyu/Fujian Normal University,Dongyu/Fujian Normal University,Dongyu/Fujian Normal University
H,2号线,,,,,厚庭,Houting,Houting,Houting,Houting,Houting,Houting,Houting,Houting
J,2号线,,,,,桔园洲,Juyuanzhou,Juyuanzhou,Juyuanzhou,Juyuanzhou,Juyuanzhou,Juyuanzhou,Juyuanzhou,Juyuanzhou
H,2号线,,,,,洪湾,Hongwan,Hongwan,Hongwan,Hongwan,Hongwan,Hongwan,Hongwan,Hongwan
J,2号线,,,,,金山,Jinshan,Jinshan,Jinshan,Jinshan,Jinshan,Jinshan,Jinshan,Jinshan
J,2号线,,,,,金祥,Jinxiang,Jinxiang,Jinxiang,Jinxiang,Jinxiang,Jinxiang,Jinxiang,Jinxiang
X,2号线,,,,,祥坂,Xiangban,Xiangban,Xiangban,Xiangban,Xiangban,Xiangban,Xiangban,Xiangban
N,2号线,,,,,宁化,Ninghua,Ninghua,Ninghua,Ninghua,Ninghua,Ninghua,Ninghua,Ninghua
X,2号线,,,,,西洋,Xiyang,Xiyang,Xiyang,Xiyang,Xiyang,Xiyang,Xiyang,Xiyang
S,2号线,,,,,水部,Shuibu,Shuibu,Shuibu,Shuibu,Shuibu,Shuibu,Shuibu,Shuibu
Z,2号线,,,,,紫阳,Ziyang,Ziyang,Ziyang,Ziyang,Ziyang,Ziyang,Ziyang,Ziyang
W,2号线,,,,,五里亭,Wuliting,Wuliting,Wuliting,Wuliting,Wuliting,Wuliting,Wuliting,Wuliting
Q,2号线,,,,,前屿,Qianyu,Qianyu,Qianyu,Qianyu,Qianyu,Qianyu,Qianyu,Qianyu
S,2号线,,,,,上洋,Shangyang,Shangyang,Shangyang,Shangyang,Shangyang,Shangyang,Shangyang,Shangyang
G,2号线,,,,,鼓山,Gushan,Gushan,Gushan,Gushan,Gushan,Gushan,Gushan,Gushan
Y,2号线,,,,,洋里,Yangli,Yangli,Yangli,Yangli,Yangli,Yangli,Yangli,Yangli
B,4号线,,,,,半洲,Banzhou,Banzhou,Banzhou,Banzhou,Banzhou,Banzhou,Banzhou,Banzhou
J,4号线,,,,,建新,Jianxing,Jianxing,Jianxing,Jianxing,Jianxing,Jianxing,Jianxing,Jianxing
H,4号线,,,,,洪塘,Hongtang,Hongtang,Hongtang,Hongtang,Hongtang,Hongtang,Hongtang,Hongtang
J,4号线,,,,,金牛山,Jinniushan,Jinniushan,Jinniushan,Jinniushan,Jinniushan,Jinniushan,Jinniushan,Jinniushan
F,4号线,,,,,凤凰池,Fenghuangchi,Fenghuangchi,Fenghuangchi,Fenghuangchi,Fenghuangchi,Fenghuangchi,Fenghuangchi,Fenghuangchi
L,4号线,,,,,陆庄,Luzhuang,Luzhuang,Luzhuang,Luzhuang,Luzhuang,Luzhuang,Luzhuang,Luzhuang
X,4号线,,,,,西门,Ximeng,Ximeng,Ximeng,Ximeng,Ximeng,Ximeng,Ximeng,Ximeng
P,4号线,,,,,省立医院,Provincial Hospital,Provincial Hospital,Provincial Hospital,Provincial Hospital,Provincial Hospital,Provincial Hospital,Provincial Hospital,Provincial Hospital
D,4号线,,,,,东门,Dongmeng,Dongmeng,Dongmeng,Dongmeng,Dongmeng,Dongmeng,Dongmeng,Dongmeng
S,4号线,,,,,三角池,Sanjiaochi,Sanjiaochi,Sanjiaochi,Sanjiaochi,Sanjiaochi,Sanjiaochi,Sanjiaochi,Sanjiaochi
Z,4号线,,,,,竹屿,Zhuyu,Zhuyu,Zhuyu,Zhuyu,Zhuyu,Zhuyu,Zhuyu,Zhuyu
H,4号线,,,,,横屿,Hengyu,Hengyu,Hengyu,Hengyu,Hengyu,Hengyu,Hengyu,Hengyu
H,4号线,,,,,后屿,Houyu,Houyu,Houyu,Houyu,Houyu,Houyu,Houyu,Houyu
G,4号线,,,,,光明港,Guangminggang,Guangminggang,Guangminggang,Guangminggang,Guangminggang,Guangminggang,Guangminggang,Guangminggang
A,4号线,,,,,鳌峰洲,Aofengzhou,Aofengzhou,Aofengzhou,Aofengzhou,Aofengzhou,Aofengzhou,Aofengzhou,Aofengzhou
H,4号线,,,,,花海公园,Huahai Park,Huahai Park,Huahai Park,Huahai Park,Huahai Park,Huahai Park,Huahai Park,Huahai Park
E,4号线,,,,,会展中心,Exhibition Center,Exhibition Center,Exhibition Center,Exhibition Center,Exhibition Center,Exhibition Center,Exhibition Center,Exhibition Center
L,4号线,,,,,林浦,Linpu,Linpu,Linpu,Linpu,Linpu,Linpu,Linpu,Linpu
L,4号线,,,,,螺洲温泉,Luozhou Hot Spring,Luozhou Hot Spring,Luozhou Hot Spring,Luozhou Hot Spring,Luozhou Hot Spring,Luozhou Hot Spring,Luozhou Hot Spring,Luozhou Hot Spring
D,4号线,,,,,帝封江,Difengjiang,Difengjiang,Difengjiang,Difengjiang,Difengjiang,Difengjiang,Difengjiang,Difengjiang
J,5号线,,,,,荆溪厚屿,Jinxi Houyu,Jinxi Houyu,Jinxi Houyu,Jinxi Houyu,Jinxi Houyu,Jinxi Houyu,Jinxi Houyu,Jinxi Houyu
A,5号线,,,,,农林大学,Agriculture and Forestry University,Agriculture and Forestry University,Agriculture and Forestry University,Agriculture and Forestry University,Agriculture and Forestry University,Agriculture and Forestry University,Agriculture and Forestry University,Agriculture and Forestry University
Z,5号线,,,,,阵坂,Zhengban,Zhengban,Zhengban,Zhengban,Zhengban,Zhengban,Zhengban,Zhengban
M,5号线,,,,,马榕,Marong,Marong,Marong,Marong,Marong,Marong,Marong,Marong
F,5号线,,,,,凤岗里,Fenggangli,Fenggangli,Fenggangli,Fenggangli,Fenggangli,Fenggangli,Fenggangli,Fenggangli
P,5号线,,,,,浦上大道,Pushang Dadao,Pushang Dadao,Pushang Dadao,Pushang Dadao,Pushang Dadao,Pushang Dadao,Pushang Dadao,Pushang Dadao
X,5号线,,,,,霞镜,Xiajing,Xiajing,Xiajing,Xiajing,Xiajing,Xiajing,Xiajing,Xiajing
D,5号线,,,,,东岭,Dongling,Dongling,Dongling,Dongling,Dongling,Dongling,Dongling,Dongling
T,5号线,,,,,台屿,Taiyu,Taiyu,Taiyu,Taiyu,Taiyu,Taiyu,Taiyu,Taiyu
P,5号线,,,,,盘屿,Panyu,Panyu,Panyu,Panyu,Panyu,Panyu,Panyu,Panyu
W,5号线,,,,,吴山,Wushan,Wushan,Wushan,Wushan,Wushan,Wushan,Wushan,Wushan
G,5号线,,,,,盖山竹榄,Gaishan Zhulan,Gaishan Zhulan,Gaishan Zhulan,Gaishan Zhulan,Gaishan Zhulan,Gaishan Zhulan,Gaishan Zhulan,Gaishan Zhulan
Y,5号线,,,,,义序,Yixu,Yixu,Yixu,Yixu,Yixu,Yixu,Yixu,Yixu
A,5号线,,,,,螺洲古镇,Ancient Luozhou Town,Ancient Luozhou Town,Ancient Luozhou Town,Ancient Luozhou Town,Ancient Luozhou Town,Ancient Luozhou Town,Ancient Luozhou Town,Ancient Luozhou Town
Q,5号线,,,,,前锦,Qianjing,Qianjing,Qianjing,Qianjing,Qianjing,Qianjing,Qianjing,Qianjing
L,5号线,,,,,龙江,Longjiang,Longjiang,Longjiang,Longjiang,Longjiang,Longjiang,Longjiang,Longjiang
P,6号线,,,,,潘墩,Pandun,Pandun,Pandun,Pandun,Pandun,Pandun,Pandun,Pandun
Z,6号线,,,,,樟岚,Zhanglang,Zhanglang,Zhanglang,Zhanglang,Zhanglang,Zhanglang,Zhanglang,Zhanglang
Y,6号线,,,,,营前,Yingqian,Yingqian,Yingqian,Yingqian,Yingqian,Yingqian,Yingqian,Yingqian
H,6号线,,,,,航城,Hangcheng,Hangcheng,Hangcheng,Hangcheng,Hangcheng,Hangcheng,Hangcheng,Hangcheng
Z,6号线,,,,,郑和,Zhenghe,Zhenghe,Zhenghe,Zhenghe,Zhenghe,Zhenghe,Zhenghe,Zhenghe
S,6号线,,,,,十洋,Shiyang,Shiyang,Shiyang,Shiyang,Shiyang,Shiyang,Shiyang,Shiyang
W,6号线,,,,,吴航,Wuhang,Wuhang,Wuhang,Wuhang,Wuhang,Wuhang,Wuhang,Wuhang
H,6号线,,,,,鹤上,Heshang,Heshang,Heshang,Heshang,Heshang,Heshang,Heshang,Heshang
S,6号线,,,,,沙京,Shajing,Shajing,Shajing,Shajing,Shajing,Shajing,Shajing,Shajing
L,6号线,,,,,莲花,Lianhua,Lianhua,Lianhua,Lianhua,Lianhua,Lianhua,Lianhua,Lianhua
X,6号线,,,,,下吴,Xiawu,Xiawu,Xiawu,Xiawu,Xiawu,Xiawu,Xiawu,Xiawu
H,6号线,,,,,壶井,Hujing,Hujing,Hujing,Hujing,Hujing,Hujing,Hujing,Hujing
W,6号线,,,,,万寿,wanshou,wanshou,wanshou,wanshou,wanshou,wanshou,wanshou,wanshou
M,滨海快线,,,,,闽都,Mindu,Mindu,Mindu,Mindu,Mindu,Mindu,Mindu,Mindu
N,滨海快线,,,,,南公园,Nangongyuan,Nangongyuan,Nangongyuan,Nangongyuan,Nangongyuan,Nangongyuan,Nangongyuan,Nangongyuan
S,滨海快线,,,,,三叉街（滨海快线）,Sanchajie (Binhai Express),Sanchajie (Binhai Express),Sanchajie (Binhai Express),Sanchajie (Binhai Express),Sanchajie (Binhai Express),Sanchajie (Binhai Express),Sanchajie (Binhai Express),Sanchajie (Binhai Express)
X,滨海快线,,,,,祥谦,Xiangqian,Xiangqian,Xiangqian,Xiangqian,Xiangqian,Xiangqian,Xiangqian,Xiangqian
S,滨海快线,,,,,首占,Shouzhan,Shouzhan,Shouzhan,Shouzhan,Shouzhan,Shouzhan,Shouzhan,Shouzhan
B,滨海快线,,,,,滨海西,Binhaixi,Binhaixi,Binhaixi,Binhaixi,Binhaixi,Binhaixi,Binhaixi,Binhaixi
D,滨海快线,,,,,大数据,Dashuju,Dashuju,Dashuju,Dashuju,Dashuju,Dashuju,Dashuju,Dashuju
B,滨海快线,,,,,滨海中央商务区,Binhai CBD,Binhai CBD,Binhai CBD,Binhai CBD,Binhai CBD,Binhai CBD,Binhai CBD,Binhai CBD
A,滨海快线,,,,,机场,Airport,Airport,Airport,Airport,Airport,Airport,Airport,Airport
W,滨海快线,,,,,文岭,Wenling,Wenling,Wenling,Wenling,Wenling,Wenling,Wenling,Wenling
